{"cameraMode":{"drawMode":0,"name":"Shaded","section":"Shading Mode"},"sceneLighting":true,"audioPlay":false,"sceneViewState":{"m_AlwaysRefresh":false,"showFog":true,"showSkybox":true,"showFlares":true,"showImageEffects":true,"showParticleSystems":true,"showVisualEffectGraphs":true,"m_FxEnabled":true},"in2DMode":false,"pivot":{"x":159.87318420410157,"y":-8.690374374389649,"z":51.08120346069336},"rotation":{"x":0.09298750758171082,"y":0.25252169370651247,"z":-0.02451726235449314,"w":0.9628601670265198},"size":38.296321868896487,"orthographic":false}